{
  "project_info": {
    "project_number": "953510792369",
    "project_id": "imai-2mrygo",
    "storage_bucket": "imai-2mrygo.appspot.com"
  },
  "client": [
    {
      "client_info": {
        "mobilesdk_app_id": "1:953510792369:android:1f61b5bc15ec68d62c2690",
        "android_client_info": {
          "package_name": "com.mycompany.imai"
        }
      },
      "oauth_client": [
        {
          "client_id": "953510792369-srasatpm9ok1gtqrmelvp19fdrku783t.apps.googleusercontent.com",
          "client_type": 1,
          "android_info": {
            "package_name": "com.mycompany.imai",
            "certificate_hash": "9bbb3186b2189ef16d8f272bdab59362c395cbb4"
          }
        },
        {
          "client_id": "953510792369-57kpoacv19mbrbjesjdcikb4eh2lp6d3.apps.googleusercontent.com",
          "client_type": 3
        }
      ],
      "api_key": [
        {
          "current_key": "AIzaSyBFVoPvqk5rHQNy64aQ1jQWHvvG6Ig8Fg4"
        }
      ],
      "services": {
        "appinvite_service": {
          "other_platform_oauth_client": [
            {
              "client_id": "953510792369-57kpoacv19mbrbjesjdcikb4eh2lp6d3.apps.googleusercontent.com",
              "client_type": 3
            },
            {
              "client_id": "953510792369-htlt7kfvp4peveq3v3qi90foinl494un.apps.googleusercontent.com",
              "client_type": 2,
              "ios_info": {
                "bundle_id": "com.mycompany.imai"
              }
            }
          ]
        }
      }
    }
  ],
  "configuration_version": "1"
}